Region,Product_Category,Sales_Channel,Units_Sold,Unit_Price,Discount,Revenue
East,Clothing,Online,304,283.19,0.1,77480.78
West,Furniture,Retail,450,176.23,0.21,62649.76
North,Electronics,Retail,454,161.02,0.47,38744.63
East,Electronics,Retail,412,387.07,0.22,124388.82
East,Electronics,Retail,117,47.78,0.44,3130.55
West,Electronics,Online,221,122.21,0.3,18905.89
North,Food,Retail,154,367.56,0.12,49811.73
North,Electronics,Online,153,276.42,0.18,34679.65
East,Food,Online,12,68.35,0.04,787.39
South,Food,Online,133,441.66,0.17,48754.85
East,Electronics,Online,482,199.76,0.34,63547.65
East,Electronics,Online,304,414.79,0.04,121052.31
East,Clothing,Retail,293,394.92,0.1,104140.4
East,Furniture,Retail,463,314.09,0.19,117793.17
West,Electronics,Retail,300,249.77,0.49,38214.81
North,Clothing,Retail,228,489.88,0.39,68132.51
West,Clothing,Online,271,76.76,0.37,13105.23
West,Furniture,Retail,43,363.95,0.06,14710.86
West,Food,Online,432,99.64,0.39,26257.13
East,Electronics,Retail,343,172.44,0.39,36079.62
South,Furniture,Online,326,157.81,0.3,36012.24
North,Electronics,Online,302,473.78,0.5,71540.78
South,Clothing,Retail,498,483.84,0.16,202399.95
West,Clothing,Online,364,95.59,0.47,18441.22
West,Food,Online,379,15.91,0.46,3256.14
South,Clothing,Retail,427,361.4,0.01,152774.62
South,Clothing,Online,493,211.91,0.23,80443.16
South,Furniture,Retail,21,48.98,0.49,524.58
West,Electronics,Retail,407,343.46,0.05,132798.81
West,Electronics,Retail,107,274.83,0.27,21466.97
North,Furniture,Online,336,490.36,0.49,84028.09
North,Food,Online,303,117.57,0.28,25649.07
West,Electronics,Online,117,204.97,0.09,21823.16
South,Clothing,Retail,124,273.56,0.29,24084.22
South,Electronics,Online,399,396.89,0.1,142523.2
North,Clothing,Retail,281,276.68,0.26,57532.84
West,Food,Retail,292,308.39,0.04,86447.88
North,Furniture,Online,203,116.94,0.3,16617.17
North,Electronics,Retail,51,424.22,0.26,16010.06
East,Furniture,Online,271,217.17,0.37,37077.43
East,Electronics,Online,324,74.78,0.32,16475.53
East,Clothing,Online,277,333.77,0.27,67491.63
South,Furniture,Online,141,111.96,0.34,10419.0
West,Electronics,Online,470,53.29,0.07,23293.06
West,Clothing,Retail,275,431.68,0.3,83098.4
West,Furniture,Retail,290,232.78,0.09,61430.64
West,Furniture,Retail,334,375.9,0.46,67797.32
East,Electronics,Online,381,148.84,0.03,55006.8
South,Electronics,Online,452,394.55,0.22,139102.55
South,Electronics,Online,496,60.41,0.35,19476.18
East,Clothing,Retail,373,181.21,0.23,52045.32
South,Electronics,Online,52,489.14,0.05,24163.52
East,Furniture,Retail,494,398.02,0.28,141567.75
West,Furniture,Retail,27,251.14,0.32,4610.93
East,Electronics,Online,157,173.19,0.35,17674.04
West,Electronics,Online,239,436.71,0.19,84542.69
West,Food,Retail,156,274.7,0.28,30854.3
North,Furniture,Online,291,380.42,0.23,85240.71
East,Clothing,Retail,136,378.28,0.34,33954.41
North,Food,Online,144,13.88,0.29,1419.09
East,Electronics,Online,106,67.5,0.26,5294.7
East,Electronics,Retail,420,331.52,0.12,122529.79
North,Furniture,Online,158,85.0,0.0,13430.0
North,Electronics,Retail,146,131.47,0.09,17467.1
East,Clothing,Online,2,473.59,0.06,890.35
South,Furniture,Retail,433,282.29,0.22,95340.62
West,Electronics,Retail,77,376.61,0.31,20009.29
North,Furniture,Online,132,281.2,0.11,33035.38
West,Electronics,Retail,90,278.49,0.47,13283.97
South,Electronics,Online,345,51.61,0.0,17805.45
South,Electronics,Online,350,175.11,0.39,37385.98
South,Clothing,Online,459,144.8,0.31,45859.61
North,Clothing,Retail,263,198.41,0.19,42267.28
South,Furniture,Retail,351,400.18,0.03,136249.28
North,Electronics,Online,108,189.11,0.31,14092.48
South,Electronics,Online,74,228.59,0.19,13701.68
West,Clothing,Retail,39,201.7,0.47,4169.14
West,Electronics,Online,397,51.24,0.27,14849.86
East,Clothing,Online,159,223.33,0.47,18820.02
West,Electronics,Retail,71,101.83,0.11,6434.64
East,Furniture,Online,447,97.43,0.36,27872.77
West,Electronics,Retail,312,51.55,0.31,11097.68
North,Electronics,Online,241,181.55,0.37,27564.74
West,Food,Retail,426,379.95,0.11,144054.24
East,Clothing,Online,445,141.84,0.33,42289.6
East,Electronics,Online,298,159.61,0.25,35672.84
South,Electronics,Retail,440,323.12,0.37,89568.86
North,Food,Online,36,101.94,0.16,3082.67
West,Food,Retail,84,448.99,0.45,20743.34
South,Clothing,Online,452,262.49,0.04,113899.66
West,Food,Retail,374,226.56,0.4,50840.06
West,Furniture,Retail,263,281.12,0.43,42142.7
South,Food,Retail,310,87.19,0.41,15947.05
South,Furniture,Retail,385,308.67,0.26,87940.08
South,Clothing,Online,172,184.73,0.22,24783.38
South,Clothing,Online,376,449.11,0.5,84432.68
South,Clothing,Retail,173,88.58,0.11,13638.66
West,Clothing,Retail,362,255.99,0.27,67647.92
South,Clothing,Retail,47,301.07,0.34,9339.19
North,Furniture,Online,379,21.52,0.35,5301.45
East,Furniture,Online,141,185.03,0.1,23480.31
South,Clothing,Online,375,367.65,0.33,92372.06
South,Food,Online,406,411.09,0.41,98472.5
West,Electronics,Retail,118,160.02,0.03,18315.89
South,Clothing,Retail,277,400.3,0.46,59876.87
South,Food,Retail,214,484.04,0.01,102548.71
South,Electronics,Online,220,429.15,0.18,77418.66
West,Clothing,Online,393,63.23,0.01,24600.9
South,Clothing,Online,26,371.17,0.04,9264.4
East,Furniture,Retail,9,163.24,0.46,793.35
West,Electronics,Retail,271,494.27,0.18,109836.68
East,Electronics,Online,10,245.25,0.21,1937.48
West,Food,Retail,472,65.6,0.11,27557.25
South,Furniture,Online,378,363.97,0.3,96306.46
East,Furniture,Online,121,164.89,0.3,13966.18
West,Furniture,Retail,125,498.55,0.19,50478.19
North,Furniture,Online,170,489.99,0.17,69137.59
South,Electronics,Retail,72,329.79,0.44,13297.13
West,Electronics,Online,152,69.26,0.19,8527.29
North,Clothing,Retail,208,345.0,0.25,53820.0
West,Clothing,Retail,49,51.05,0.14,2151.25
North,Furniture,Retail,154,19.54,0.39,1835.59
South,Furniture,Online,347,412.36,0.2,114471.14
East,Furniture,Online,293,108.83,0.26,23596.52
North,Clothing,Retail,68,192.62,0.13,11395.4
West,Food,Retail,50,486.86,0.49,12414.93
South,Food,Online,152,171.74,0.15,22188.81
North,Clothing,Online,19,151.76,0.39,1758.9
West,Clothing,Online,100,459.51,0.21,36301.29
West,Clothing,Retail,60,59.82,0.1,3230.28
West,Clothing,Online,167,380.99,0.4,38175.2
North,Clothing,Online,202,494.09,0.17,82839.13
North,Clothing,Retail,345,451.14,0.43,88716.68
North,Furniture,Online,146,327.58,0.46,25826.41
East,Furniture,Online,403,160.46,0.43,36859.27
North,Furniture,Online,164,130.89,0.02,21036.64
North,Furniture,Retail,458,410.53,0.39,114693.87
North,Clothing,Retail,481,440.51,0.21,167389.39
East,Food,Retail,439,265.09,0.44,65169.73
North,Electronics,Retail,242,125.95,0.32,20726.33
West,Clothing,Retail,69,60.91,0.42,2437.62
North,Electronics,Retail,175,48.15,0.25,6319.69
West,Food,Retail,49,360.94,0.27,12910.82
West,Furniture,Online,483,212.96,0.07,95659.5
West,Food,Online,108,453.15,0.39,29853.52
East,Clothing,Retail,226,371.14,0.21,66263.34
East,Furniture,Online,161,99.67,0.25,12035.15
East,Clothing,Online,119,308.82,0.39,22417.24
North,Furniture,Retail,149,220.58,0.3,23006.49
West,Electronics,Online,465,290.74,0.1,121674.69
East,Electronics,Online,150,370.34,0.3,38885.7
East,Electronics,Online,432,404.07,0.2,139646.59
North,Food,Online,293,422.65,0.23,95354.07
East,Clothing,Online,143,130.72,0.01,18506.03
North,Food,Retail,419,20.4,0.11,7607.36
South,Electronics,Retail,476,370.95,0.14,151852.09
East,Clothing,Retail,455,57.64,0.36,16784.77
South,Electronics,Online,160,160.89,0.01,25484.98
North,Food,Retail,11,6.89,0.2,60.63
West,Food,Online,138,342.43,0.46,25517.88
East,Food,Online,457,87.73,0.06,37687.05
North,Electronics,Online,78,329.36,0.26,19010.66
West,Clothing,Online,77,495.91,0.39,23292.89
West,Clothing,Retail,441,40.97,0.47,9575.92
South,Electronics,Retail,254,43.15,0.37,6904.86
North,Clothing,Online,409,173.49,0.36,45412.74
West,Electronics,Retail,258,433.86,0.41,66042.17
East,Clothing,Online,320,111.69,0.22,27877.82
East,Furniture,Retail,291,183.39,0.4,32019.89
South,Furniture,Retail,263,38.91,0.0,10233.33
West,Food,Online,85,382.76,0.46,17568.68
North,Furniture,Retail,146,207.11,0.22,23585.69
East,Furniture,Online,323,380.83,0.28,88565.82
West,Furniture,Retail,42,452.29,0.13,16526.68
West,Electronics,Online,374,120.22,0.37,28326.24
South,Furniture,Online,125,404.66,0.04,48559.2
East,Furniture,Retail,167,34.25,0.44,3203.06
East,Food,Retail,425,449.93,0.41,112819.95
North,Furniture,Online,241,327.13,0.11,70166.11
East,Furniture,Retail,459,437.74,0.4,120553.6
North,Clothing,Retail,487,5.09,0.39,1512.09
East,Food,Online,280,88.7,0.32,16888.48
South,Food,Online,188,197.93,0.19,30140.78
East,Food,Retail,302,192.85,0.14,50087.0
North,Food,Online,19,117.23,0.12,1960.09
North,Food,Online,68,193.9,0.16,11075.57
South,Food,Online,218,68.78,0.45,8246.72
East,Electronics,Retail,102,209.32,0.04,20496.61
East,Furniture,Retail,42,402.17,0.41,9965.77
South,Food,Online,288,242.14,0.17,57881.15
East,Furniture,Retail,167,13.91,0.26,1719.0
East,Furniture,Online,109,213.61,0.4,13970.09
North,Electronics,Retail,494,18.45,0.44,5104.01
East,Food,Online,36,483.29,0.17,14440.71
East,Clothing,Online,232,68.09,0.23,12163.6
South,Electronics,Retail,229,355.31,0.21,64279.13
South,Clothing,Online,353,486.52,0.01,170024.14
West,Furniture,Retail,164,413.89,0.15,57696.27
North,Furniture,Retail,387,351.16,0.23,104642.17
East,Electronics,Online,73,420.53,0.21,24251.97
East,Electronics,Online,136,490.99,0.36,42735.77
West,Clothing,Retail,353,312.57,0.19,89373.14
East,Food,Online,379,281.8,0.24,81169.67
North,Clothing,Online,70,315.98,0.21,17473.69
West,Electronics,Online,425,268.67,0.37,71936.39
North,Clothing,Online,487,319.37,0.43,88653.92
West,Electronics,Online,196,227.67,0.27,32575.02
West,Clothing,Retail,269,113.13,0.39,18563.5
South,Electronics,Retail,49,64.52,0.15,2687.26
North,Electronics,Online,316,38.83,0.27,8957.3
East,Electronics,Online,130,135.34,0.17,14603.19
East,Food,Online,444,27.83,0.21,9761.65
North,Clothing,Retail,5,285.75,0.37,900.11
East,Clothing,Online,428,145.5,0.44,34873.44
East,Clothing,Retail,27,413.14,0.06,10485.49
North,Electronics,Retail,160,41.75,0.32,4542.4
West,Clothing,Retail,149,117.04,0.29,12381.66
North,Clothing,Online,264,366.47,0.06,90943.2
West,Electronics,Retail,230,301.41,0.11,61698.63
East,Furniture,Online,200,36.92,0.16,6202.56
East,Electronics,Retail,50,439.23,0.08,20204.58
East,Clothing,Online,67,439.24,0.12,25897.59
South,Electronics,Retail,300,168.55,0.13,43991.55
West,Furniture,Online,381,173.5,0.17,54865.9
South,Electronics,Retail,58,494.57,0.37,18071.59
South,Clothing,Online,259,314.96,0.29,57917.99
North,Furniture,Online,342,268.0,0.49,46744.56
South,Food,Online,326,419.89,0.21,108138.47
North,Clothing,Online,130,146.22,0.38,11785.33
North,Furniture,Retail,215,217.45,0.44,26180.98
South,Furniture,Retail,172,137.55,0.34,15614.68
West,Food,Online,258,395.63,0.21,80637.31
West,Electronics,Retail,102,288.81,0.38,18264.34
West,Electronics,Online,209,331.12,0.1,62283.67
West,Clothing,Online,291,129.89,0.16,31750.31
West,Food,Retail,354,114.01,0.27,29462.46
South,Electronics,Online,471,246.75,0.29,82515.67
South,Food,Online,286,370.1,0.01,104790.11
East,Electronics,Retail,116,264.99,0.47,16291.59
West,Furniture,Online,264,21.16,0.35,3631.06
South,Electronics,Online,150,434.93,0.25,48929.62
East,Food,Online,300,37.02,0.47,5886.18
West,Furniture,Online,442,478.13,0.22,164840.1
North,Furniture,Retail,36,17.45,0.49,320.38
East,Furniture,Retail,453,348.75,0.26,116907.98
South,Food,Retail,333,45.69,0.06,14301.88
North,Clothing,Online,477,455.78,0.38,134792.38
North,Clothing,Online,287,234.89,0.34,44492.86
North,Clothing,Retail,303,73.07,0.39,13505.53
East,Food,Online,311,173.7,0.48,28090.76
South,Furniture,Online,208,86.59,0.39,10986.54
North,Clothing,Online,106,89.44,0.31,6541.64
West,Food,Online,446,474.31,0.43,120579.09
North,Clothing,Retail,158,225.4,0.34,23504.71
North,Electronics,Retail,121,395.46,0.2,38280.53
East,Clothing,Retail,55,321.6,0.44,9905.28
East,Clothing,Online,400,339.83,0.11,120979.48
South,Furniture,Retail,12,70.19,0.36,539.06
West,Food,Retail,145,120.92,0.44,9818.7
East,Furniture,Online,400,394.44,0.37,99398.88
North,Furniture,Online,396,485.53,0.35,124975.42
South,Furniture,Retail,136,135.02,0.38,11384.89
North,Furniture,Retail,468,139.43,0.23,50244.99
North,Furniture,Retail,3,239.08,0.44,401.65
East,Clothing,Retail,144,492.0,0.1,63763.2
South,Furniture,Online,30,138.13,0.06,3895.27
West,Furniture,Retail,237,206.45,0.14,42078.64
West,Food,Retail,279,446.28,0.27,90893.85
East,Electronics,Online,348,6.45,0.26,1661.0
East,Clothing,Retail,115,24.68,0.41,1674.54
South,Clothing,Online,104,304.02,0.2,25294.46
West,Clothing,Online,118,454.15,0.24,40728.17
West,Furniture,Online,5,123.23,0.01,609.99
West,Furniture,Retail,468,237.47,0.2,88908.77
North,Furniture,Retail,360,227.98,0.32,55809.5
West,Food,Online,248,239.12,0.01,58708.74
North,Electronics,Retail,364,313.15,0.14,98028.48
South,Furniture,Retail,321,237.52,0.1,68619.53
North,Electronics,Online,121,226.5,0.02,26858.37
South,Food,Online,286,239.77,0.24,52116.41
West,Clothing,Retail,149,297.48,0.09,40335.31
West,Furniture,Online,84,270.82,0.37,14331.79
South,Electronics,Retail,454,427.8,0.42,112648.3
East,Electronics,Retail,406,29.5,0.27,8743.21
South,Furniture,Retail,466,417.49,0.49,99220.67
East,Clothing,Retail,456,422.74,0.23,148432.47
North,Clothing,Online,231,146.03,0.26,24962.37
North,Clothing,Online,288,234.11,0.49,34386.08
North,Food,Online,161,222.08,0.12,31464.29
West,Electronics,Online,272,113.16,0.47,16313.15
North,Electronics,Retail,460,201.41,0.02,90795.63
East,Electronics,Retail,38,26.97,0.22,799.39
North,Food,Online,226,142.52,0.04,30921.14
South,Electronics,Retail,142,409.26,0.36,37193.55
South,Food,Retail,292,145.86,0.3,29813.78
West,Clothing,Retail,481,410.01,0.35,128189.63
South,Furniture,Online,151,268.14,0.19,32796.2
East,Electronics,Online,114,440.53,0.18,41180.74
North,Electronics,Online,237,289.52,0.02,67243.92
West,Clothing,Retail,66,19.69,0.17,1078.62
North,Furniture,Online,361,339.33,0.46,66148.99
North,Food,Online,341,27.2,0.19,7512.91
East,Furniture,Online,258,228.05,0.42,34125.4
South,Clothing,Online,475,465.07,0.42,128126.79
South,Clothing,Online,249,86.78,0.19,17502.66
North,Furniture,Online,457,197.99,0.32,61527.37
West,Food,Retail,449,366.28,0.05,156236.73
South,Food,Retail,331,441.72,0.05,138898.85
West,Electronics,Online,323,337.12,0.02,106711.96
South,Food,Online,180,132.8,0.29,16971.84
West,Furniture,Retail,190,338.93,0.21,50873.39
East,Clothing,Retail,407,151.88,0.27,45125.07
West,Electronics,Online,154,360.62,0.26,41096.26
East,Electronics,Online,196,477.25,0.18,76703.62
East,Clothing,Online,466,362.09,0.34,111364.4
West,Food,Online,311,432.13,0.38,83323.31
East,Clothing,Retail,262,6.04,0.01,1566.66
North,Food,Online,419,360.2,0.1,135831.42
East,Clothing,Online,406,415.65,0.36,108002.5
South,Furniture,Online,427,25.08,0.19,8674.42
West,Food,Online,143,436.44,0.33,41815.32
North,Furniture,Retail,342,132.06,0.17,37486.55
West,Electronics,Retail,316,334.32,0.2,84516.1
South,Clothing,Retail,101,401.18,0.08,37277.65
South,Electronics,Online,244,333.02,0.13,70693.49
South,Electronics,Online,490,50.68,0.3,17383.24
East,Electronics,Retail,12,300.18,0.22,2809.68
East,Electronics,Online,239,277.04,0.39,40389.66
West,Clothing,Online,49,450.66,0.43,12586.93
West,Electronics,Retail,42,205.1,0.27,6288.37
North,Clothing,Retail,166,163.94,0.38,16872.7
North,Clothing,Retail,82,376.18,0.15,26219.75
West,Furniture,Retail,429,209.27,0.21,70923.7
East,Food,Online,291,324.82,0.36,60494.48
South,Food,Online,158,324.99,0.19,41592.22
West,Clothing,Retail,216,444.58,0.29,68180.79
North,Furniture,Online,490,301.35,0.09,134371.96
East,Clothing,Retail,158,253.57,0.3,28044.84
West,Clothing,Retail,462,73.74,0.43,19418.69
West,Clothing,Online,134,62.29,0.43,4757.71
East,Furniture,Retail,67,81.39,0.36,3490.0
West,Food,Online,336,90.06,0.37,19063.9
East,Furniture,Online,7,320.75,0.28,1616.58
South,Electronics,Online,436,371.79,0.29,115091.31
East,Furniture,Online,14,267.35,0.07,3480.9
East,Furniture,Retail,73,415.36,0.22,23650.6
East,Furniture,Online,399,495.68,0.23,152287.77
West,Furniture,Retail,405,410.91,0.48,86537.65
West,Food,Retail,163,348.97,0.22,44368.05
East,Electronics,Retail,66,268.58,0.27,12940.18
West,Food,Retail,347,227.18,0.27,57546.97
North,Food,Online,130,46.77,0.32,4134.47
North,Furniture,Online,419,202.69,0.37,53504.08
West,Clothing,Retail,466,455.52,0.11,188922.36
West,Clothing,Retail,206,404.97,0.26,61733.63
East,Food,Online,276,111.95,0.41,18229.94
South,Food,Retail,466,235.97,0.23,84670.76
West,Furniture,Online,256,409.28,0.14,90107.08
North,Food,Retail,266,38.36,0.33,6836.52
East,Furniture,Online,25,196.76,0.41,2902.21
West,Clothing,Retail,450,426.66,0.03,186237.09
North,Clothing,Retail,281,204.93,0.39,35127.05
North,Electronics,Online,253,43.42,0.41,6481.3
South,Clothing,Retail,310,273.55,0.23,65296.38
East,Food,Retail,289,431.56,0.49,63607.63
East,Clothing,Online,164,297.19,0.39,29730.89
South,Furniture,Retail,95,117.01,0.39,6780.73
South,Clothing,Online,270,195.2,0.37,33203.52
East,Electronics,Online,321,227.81,0.08,67276.85
East,Clothing,Retail,110,291.74,0.11,28561.35
West,Furniture,Retail,336,380.88,0.23,98541.27
West,Furniture,Retail,310,53.94,0.13,14547.62
South,Food,Retail,238,445.38,0.21,83740.35
West,Clothing,Retail,381,11.09,0.44,2366.16
North,Furniture,Retail,436,188.18,0.41,48407.42
West,Electronics,Retail,387,18.57,0.32,4886.88
West,Food,Online,483,199.52,0.43,54929.85
North,Electronics,Retail,425,265.28,0.39,68773.84
South,Clothing,Online,390,258.28,0.21,79576.07
North,Clothing,Retail,25,86.99,0.1,1957.28
West,Clothing,Retail,141,324.64,0.26,33872.94
South,Food,Online,117,27.17,0.37,2002.7
West,Furniture,Retail,482,382.14,0.22,143669.35
North,Food,Retail,392,473.59,0.33,124383.68
North,Electronics,Online,405,173.19,0.05,66634.85
West,Food,Retail,482,261.03,0.37,79264.37
East,Electronics,Retail,452,192.56,0.41,51351.9
East,Food,Retail,25,8.32,0.35,135.2
North,Furniture,Online,79,196.01,0.48,8052.09
North,Electronics,Retail,68,396.9,0.41,15923.63
East,Clothing,Retail,173,300.01,0.45,28545.95
East,Clothing,Retail,444,55.12,0.47,12970.84
West,Food,Retail,12,424.33,0.4,3055.18
West,Clothing,Online,288,267.89,0.34,50920.53
East,Electronics,Online,128,421.65,0.0,53971.2
West,Clothing,Retail,96,292.21,0.23,21600.16
West,Furniture,Retail,92,282.05,0.29,18423.51
South,Furniture,Online,141,57.1,0.15,6843.44
West,Food,Online,31,87.84,0.16,2287.35
North,Electronics,Retail,334,486.15,0.48,84434.53
West,Furniture,Online,20,118.1,0.45,1299.1
West,Furniture,Retail,146,488.84,0.42,41394.97
East,Electronics,Online,477,268.3,0.2,102383.28
North,Clothing,Online,316,72.22,0.01,22593.3
West,Clothing,Online,447,54.15,0.04,23236.85
West,Food,Online,390,108.39,0.16,35508.56
South,Clothing,Retail,160,463.19,0.01,73369.3
West,Electronics,Online,349,210.0,0.01,72557.1
West,Furniture,Online,43,200.74,0.46,4661.18
South,Clothing,Retail,254,160.04,0.35,26422.6
East,Food,Online,130,77.8,0.15,8596.9
West,Clothing,Online,60,246.49,0.07,13754.14
South,Electronics,Retail,151,69.37,0.26,7751.4
North,Food,Online,467,418.56,0.0,195467.52
East,Clothing,Retail,287,188.35,0.47,28649.92
North,Food,Retail,499,190.53,0.21,75108.83
North,Electronics,Retail,5,239.63,0.2,958.52
South,Furniture,Retail,467,224.84,0.2,84000.22
West,Electronics,Online,418,497.45,0.03,201696.08
South,Electronics,Retail,266,274.96,0.32,49734.76
South,Electronics,Online,345,48.66,0.37,10576.25
South,Electronics,Online,130,305.4,0.34,26203.32
South,Furniture,Online,382,80.03,0.07,28431.46
East,Furniture,Online,267,20.31,0.29,3850.17
West,Food,Online,178,485.52,0.28,62224.24
North,Clothing,Online,253,387.9,0.43,55939.06
North,Furniture,Online,415,490.15,0.19,164763.92
West,Furniture,Online,56,241.55,0.19,10956.71
North,Clothing,Online,463,268.47,0.31,85768.11
West,Furniture,Online,457,88.33,0.32,27449.43
North,Electronics,Retail,471,127.22,0.23,46138.88
South,Electronics,Retail,83,420.08,0.22,27195.98
North,Clothing,Retail,393,181.31,0.25,53441.12
West,Food,Online,99,414.27,0.43,23377.26
West,Food,Retail,149,355.96,0.23,40839.29
West,Clothing,Retail,329,92.7,0.47,16164.1
West,Clothing,Retail,156,256.19,0.25,29974.23
West,Electronics,Online,190,340.31,0.47,34269.22
East,Food,Online,494,121.34,0.42,34766.34
East,Furniture,Online,371,416.19,0.18,126613.32
North,Electronics,Online,263,274.69,0.43,41178.78
West,Clothing,Retail,80,86.79,0.06,6526.61
North,Food,Retail,400,293.58,0.46,63413.28
West,Furniture,Retail,252,499.86,0.32,85656.01
West,Furniture,Retail,97,79.51,0.03,7481.1
East,Electronics,Online,260,409.29,0.32,72362.47
East,Food,Online,260,107.62,0.49,14270.41
South,Food,Online,103,392.28,0.03,39192.69
East,Clothing,Retail,40,368.62,0.28,10616.26
South,Food,Online,273,153.74,0.37,26441.74
South,Food,Online,101,166.28,0.41,9908.63
South,Electronics,Retail,359,397.3,0.21,112678.25
South,Food,Retail,380,233.42,0.1,79829.64
South,Furniture,Online,308,366.75,0.02,110699.82
North,Electronics,Online,221,78.25,0.29,12278.21
East,Electronics,Online,308,427.02,0.23,101272.06
South,Clothing,Online,420,356.89,0.47,79443.71
West,Food,Online,124,453.94,0.03,54599.9
East,Clothing,Online,422,70.52,0.34,19641.23
East,Furniture,Retail,231,298.54,0.01,68273.11
South,Electronics,Retail,178,301.56,0.09,48846.69
North,Electronics,Retail,63,179.96,0.23,8729.86
South,Electronics,Online,485,231.94,0.23,86617.99
North,Furniture,Retail,116,23.8,0.34,1822.13
West,Furniture,Online,191,374.2,0.46,38594.99
East,Clothing,Online,62,276.91,0.32,11674.53
West,Clothing,Retail,256,33.58,0.48,4470.17
North,Clothing,Online,483,341.97,0.44,92496.05
North,Food,Online,7,236.06,0.29,1173.22
West,Electronics,Retail,155,22.06,0.42,1983.19
North,Electronics,Retail,92,484.96,0.32,30339.1
West,Clothing,Retail,470,474.81,0.04,214234.27
East,Electronics,Online,14,258.89,0.37,2283.41
West,Clothing,Retail,455,51.37,0.05,22204.68
East,Food,Retail,229,378.54,0.3,60679.96
West,Food,Online,86,248.51,0.35,13891.71
North,Furniture,Retail,133,154.71,0.03,19959.14
West,Food,Retail,183,248.25,0.12,39978.18
North,Clothing,Retail,386,263.61,0.46,54946.87
West,Food,Online,62,283.54,0.31,12129.84
West,Furniture,Online,219,223.41,0.12,43055.58
South,Electronics,Online,405,304.85,0.35,80251.76
North,Clothing,Online,246,459.77,0.3,79172.39
South,Electronics,Retail,230,184.32,0.25,31795.2
North,Furniture,Online,79,364.23,0.49,14674.83
South,Furniture,Online,149,447.75,0.34,44031.73
East,Furniture,Retail,138,230.71,0.19,25788.76
West,Electronics,Retail,471,224.51,0.4,63446.53
North,Electronics,Retail,314,303.05,0.44,53288.31
North,Electronics,Online,376,297.75,0.06,105236.76
West,Electronics,Online,423,404.26,0.1,153901.78
North,Furniture,Online,389,240.86,0.11,83388.14
North,Furniture,Retail,65,498.08,0.35,21043.88
South,Clothing,Retail,13,34.44,0.3,313.4
North,Clothing,Online,213,6.57,0.31,965.59
East,Electronics,Retail,474,321.9,0.47,80867.72
East,Food,Retail,242,152.73,0.39,22546.0
West,Food,Retail,493,123.99,0.06,57459.45
North,Furniture,Online,213,159.39,0.17,28178.56
West,Furniture,Retail,181,131.74,0.22,18599.05
East,Furniture,Retail,338,20.24,0.2,5472.9
North,Clothing,Online,485,485.91,0.33,157896.45
North,Clothing,Online,173,114.27,0.45,10872.79
West,Furniture,Retail,160,368.34,0.15,50094.24
East,Furniture,Retail,164,382.49,0.28,45164.42
North,Furniture,Online,465,464.98,0.39,131891.58
West,Food,Online,483,20.12,0.21,7677.19
East,Clothing,Retail,497,436.66,0.08,199658.42
West,Food,Retail,188,265.98,0.24,38003.22
South,Food,Retail,395,318.11,0.03,121883.85
North,Furniture,Retail,191,324.01,0.47,32799.53
South,Furniture,Online,405,410.8,0.04,159719.04
East,Electronics,Retail,308,170.04,0.22,40850.41
South,Electronics,Retail,256,367.86,0.26,69687.4
South,Food,Online,183,266.65,0.49,24886.44
East,Clothing,Retail,117,397.73,0.08,42811.66
West,Furniture,Online,282,495.32,0.06,131299.43
South,Furniture,Retail,196,104.32,0.0,20446.72
West,Food,Retail,34,497.35,0.08,15557.11
South,Electronics,Online,52,49.46,0.1,2314.73
West,Clothing,Online,112,6.15,0.32,468.38
East,Electronics,Retail,252,26.86,0.11,6024.16
South,Electronics,Retail,82,174.18,0.01,14139.93
East,Electronics,Retail,232,318.29,0.41,43567.54
South,Electronics,Online,227,39.17,0.18,7291.1
East,Furniture,Retail,233,7.8,0.18,1490.27
East,Furniture,Online,221,468.86,0.15,88075.35
South,Electronics,Online,436,411.85,0.49,91578.97
South,Clothing,Retail,413,405.55,0.09,152417.86
South,Food,Online,422,442.79,0.45,102771.56
North,Clothing,Retail,42,351.52,0.39,9005.94
West,Clothing,Retail,21,56.68,0.04,1142.67
North,Clothing,Retail,42,202.55,0.49,4338.62
North,Electronics,Retail,397,362.96,0.14,123921.8
East,Furniture,Retail,113,143.77,0.05,15433.71
South,Clothing,Online,105,345.27,0.41,21389.48
West,Electronics,Online,192,17.13,0.35,2137.82
East,Clothing,Retail,17,156.54,0.31,1836.21
North,Clothing,Retail,120,276.82,0.08,30560.93
South,Electronics,Online,393,317.88,0.24,94944.4
East,Furniture,Online,425,290.64,0.39,75348.42
South,Furniture,Online,129,350.39,0.15,38420.26
East,Food,Online,130,8.01,0.16,874.69
South,Electronics,Retail,60,54.97,0.0,3298.2
North,Food,Retail,48,435.13,0.09,19006.48
West,Food,Online,29,342.47,0.44,5561.71
North,Food,Retail,97,60.9,0.22,4607.69
West,Furniture,Online,10,421.83,0.49,2151.33
South,Electronics,Retail,242,124.9,0.2,24180.64
East,Food,Online,314,241.74,0.36,48580.07
North,Electronics,Retail,444,76.87,0.14,29352.04
West,Electronics,Online,232,356.5,0.18,67820.56
North,Furniture,Online,277,335.09,0.1,83537.94
West,Food,Retail,284,109.5,0.17,25811.34
North,Food,Online,203,432.38,0.27,64074.39
West,Electronics,Retail,247,203.65,0.5,25150.78
West,Clothing,Retail,290,149.79,0.33,29104.2
South,Furniture,Online,264,80.4,0.1,19103.04
West,Furniture,Retail,443,136.75,0.02,59368.64
South,Furniture,Retail,214,15.9,0.06,3198.44
West,Furniture,Retail,200,293.71,0.28,42294.24
East,Food,Retail,433,421.9,0.38,113263.27
East,Food,Retail,79,276.75,0.47,11587.52
East,Clothing,Online,401,113.54,0.01,45074.24
West,Furniture,Retail,444,21.67,0.26,7119.9
South,Furniture,Retail,343,111.24,0.24,28998.04
South,Electronics,Retail,344,210.98,0.33,48626.67
West,Food,Retail,173,381.01,0.28,47458.61
East,Furniture,Retail,467,97.98,0.34,30199.4
East,Clothing,Online,69,361.3,0.33,16702.9
South,Clothing,Retail,416,434.13,0.06,169762.2
East,Food,Online,428,229.7,0.4,58986.96
North,Clothing,Online,449,411.61,0.06,173724.12
South,Clothing,Online,87,279.56,0.35,15809.12
East,Food,Online,101,320.36,0.21,25561.52
South,Furniture,Retail,8,265.51,0.26,1571.82
North,Furniture,Online,333,234.27,0.45,42906.55
South,Clothing,Online,200,121.15,0.44,13568.8
South,Clothing,Retail,87,155.08,0.41,7960.26
South,Furniture,Retail,43,148.54,0.26,4726.54
South,Food,Retail,385,283.83,0.37,68842.97
North,Clothing,Online,109,64.38,0.26,5192.89
West,Electronics,Retail,435,458.81,0.43,113761.94
South,Food,Retail,408,361.72,0.2,118065.41
South,Clothing,Online,483,203.72,0.49,50182.35
East,Clothing,Retail,152,83.52,0.47,6728.37
South,Electronics,Retail,17,441.59,0.37,4729.43
East,Electronics,Retail,133,412.77,0.14,47212.63
West,Furniture,Retail,148,362.25,0.07,49860.09
North,Food,Online,277,139.42,0.43,22013.02
North,Food,Retail,232,204.21,0.08,43586.58
West,Furniture,Retail,314,55.86,0.43,9997.82
North,Food,Online,415,98.57,0.25,30679.91
West,Food,Retail,366,392.59,0.2,114950.35
West,Food,Online,228,358.94,0.45,45011.08
West,Food,Retail,139,298.78,0.3,29071.29
North,Food,Online,436,448.38,0.29,138800.51
East,Electronics,Online,399,293.72,0.28,84379.88
West,Food,Online,211,236.15,0.19,40360.4
South,Electronics,Online,391,173.48,0.39,41376.71
North,Food,Retail,499,470.52,0.13,204266.85
West,Furniture,Online,28,45.94,0.47,681.75
West,Clothing,Retail,51,465.79,0.45,13065.41
South,Electronics,Online,491,414.22,0.17,168807.08
East,Food,Online,442,69.32,0.36,19609.24
East,Furniture,Online,261,284.67,0.29,52752.2
East,Clothing,Retail,261,433.94,0.17,94004.42
West,Electronics,Online,350,288.05,0.49,51416.92
West,Clothing,Retail,352,454.06,0.01,158230.83
West,Furniture,Retail,8,471.78,0.13,3283.59
North,Electronics,Retail,320,214.08,0.26,50694.14
South,Clothing,Retail,138,191.77,0.26,19583.55
West,Food,Retail,38,468.48,0.29,12639.59
South,Electronics,Retail,111,339.19,0.38,23343.06
South,Clothing,Retail,480,62.43,0.31,20676.82
East,Furniture,Retail,368,25.93,0.3,6679.57
North,Furniture,Retail,220,284.49,0.03,60710.17
West,Electronics,Online,337,465.43,0.19,127048.43
East,Clothing,Online,223,422.9,0.12,82989.9
East,Electronics,Online,136,339.54,0.13,40174.37
West,Electronics,Online,256,73.86,0.28,13613.88
South,Clothing,Online,360,130.84,0.1,42392.16
East,Clothing,Retail,409,438.38,0.15,152402.81
South,Food,Retail,329,95.49,0.12,27646.26
North,Clothing,Retail,450,142.83,0.47,34064.96
South,Furniture,Retail,463,69.15,0.47,16968.72
North,Electronics,Retail,434,339.67,0.3,103191.75
South,Electronics,Retail,451,472.27,0.46,115016.64
East,Furniture,Retail,49,138.14,0.39,4129.0
East,Clothing,Online,292,240.33,0.29,49825.22
North,Furniture,Online,382,319.0,0.0,121858.0
West,Furniture,Online,324,499.74,0.39,98768.61
North,Food,Online,78,56.88,0.35,2883.82
North,Furniture,Retail,105,251.79,0.31,18242.19
South,Electronics,Retail,169,195.63,0.38,20498.11
South,Furniture,Retail,217,433.58,0.26,69624.28
North,Electronics,Online,378,240.6,0.35,59115.42
East,Electronics,Retail,119,59.93,0.47,3779.79
South,Electronics,Retail,190,319.04,0.19,49100.26
West,Clothing,Retail,255,386.54,0.35,64069.01
South,Food,Online,370,6.43,0.24,1808.12
South,Electronics,Retail,266,430.18,0.34,75522.4
West,Electronics,Online,149,97.08,0.38,8968.25
North,Clothing,Online,164,278.27,0.02,44723.55
West,Electronics,Online,140,210.82,0.32,20070.06
North,Furniture,Online,347,361.23,0.11,111558.66
North,Furniture,Retail,488,188.72,0.34,60782.94
North,Food,Online,258,435.53,0.23,86522.39
West,Electronics,Online,374,366.6,0.39,83636.12
North,Clothing,Retail,269,325.62,0.06,82336.27
East,Furniture,Retail,181,399.14,0.31,49848.59
West,Clothing,Online,160,378.24,0.14,52045.82
East,Clothing,Retail,351,22.79,0.43,4559.6
North,Furniture,Online,400,200.39,0.46,43284.24
South,Clothing,Online,288,465.75,0.5,67068.0
North,Furniture,Online,288,67.23,0.4,11617.34
East,Clothing,Online,380,369.86,0.38,87139.02
East,Furniture,Retail,226,487.42,0.11,98039.66
West,Electronics,Online,11,30.84,0.17,281.57
South,Food,Retail,10,342.69,0.23,2638.71
West,Furniture,Retail,271,236.74,0.39,39135.49
East,Furniture,Retail,273,291.69,0.46,43000.94
North,Food,Retail,424,47.24,0.09,18227.08
South,Furniture,Online,402,26.29,0.46,5707.03
North,Furniture,Retail,183,335.1,0.35,39860.15
North,Clothing,Online,457,412.54,0.31,130086.24
South,Food,Retail,153,392.1,0.1,53992.17
West,Electronics,Retail,488,274.18,0.03,129785.84
North,Furniture,Online,315,54.43,0.28,12344.72
East,Food,Online,334,345.58,0.33,77333.89
North,Clothing,Online,124,124.73,0.11,13765.2
South,Electronics,Retail,473,455.98,0.28,155288.55
South,Food,Retail,114,419.94,0.43,27287.7
South,Electronics,Online,278,356.14,0.42,57424.01
West,Electronics,Online,414,474.68,0.46,106119.46
North,Electronics,Online,468,20.55,0.18,7886.27
West,Furniture,Online,213,369.42,0.16,66096.63
West,Furniture,Retail,172,168.47,0.37,18255.41
South,Clothing,Online,288,453.5,0.22,101874.24
South,Clothing,Online,435,137.0,0.04,57211.2
West,Food,Online,174,363.8,0.14,54439.03
North,Clothing,Online,113,439.44,0.21,39228.81
East,Electronics,Retail,376,25.62,0.15,8188.15
West,Electronics,Online,405,201.84,0.17,67848.52
North,Furniture,Retail,483,382.34,0.15,156969.69
South,Electronics,Online,122,230.18,0.02,27520.32
South,Food,Online,32,137.29,0.32,2987.43
North,Electronics,Retail,222,113.8,0.3,17684.52
East,Electronics,Online,119,70.1,0.33,5589.07
South,Food,Retail,39,429.28,0.1,15067.73
South,Clothing,Retail,497,289.8,0.15,122426.01
South,Clothing,Online,268,42.81,0.31,7916.43
North,Food,Retail,233,194.38,0.3,31703.38
West,Furniture,Retail,431,187.03,0.25,60457.45
South,Electronics,Retail,18,94.96,0.18,1401.61
West,Food,Retail,149,220.58,0.46,17747.87
East,Electronics,Retail,397,169.39,0.17,55815.7
South,Furniture,Retail,149,174.19,0.23,19984.82
South,Electronics,Retail,126,370.82,0.34,30837.39
East,Food,Retail,392,115.52,0.27,33057.2
South,Electronics,Online,302,322.72,0.17,80893.0
West,Clothing,Online,360,287.47,0.22,80721.58
North,Furniture,Retail,238,286.21,0.4,40870.79
West,Furniture,Online,135,333.19,0.14,38683.36
North,Furniture,Retail,151,276.45,0.07,38821.87
North,Food,Retail,236,440.23,0.16,87271.2
West,Furniture,Online,224,339.41,0.42,44096.15
West,Clothing,Retail,203,275.75,0.04,53738.16
West,Food,Retail,256,415.73,0.5,53213.44
West,Clothing,Retail,86,305.04,0.27,19150.41
East,Electronics,Retail,150,149.12,0.49,11407.68
South,Electronics,Online,235,107.51,0.47,13390.37
North,Electronics,Retail,345,80.4,0.23,21358.26
West,Electronics,Retail,22,450.23,0.1,8914.55
West,Clothing,Retail,348,356.52,0.08,114143.44
West,Food,Online,285,469.0,0.12,117625.2
East,Food,Retail,269,303.63,0.36,52272.94
West,Furniture,Online,466,239.33,0.14,95913.89
West,Clothing,Online,258,34.56,0.17,7400.68
West,Electronics,Retail,29,337.46,0.22,7633.35
South,Clothing,Retail,213,293.19,0.46,33722.71
East,Furniture,Online,463,495.15,0.09,208621.55
West,Furniture,Retail,436,123.38,0.0,53793.68
North,Clothing,Online,283,267.71,0.03,73489.07
North,Clothing,Online,50,327.22,0.45,8998.55
North,Clothing,Retail,95,324.07,0.32,20934.92
East,Food,Retail,463,282.84,0.14,112621.23
East,Electronics,Online,499,389.58,0.09,176904.38
North,Clothing,Online,407,106.47,0.15,36833.3
West,Clothing,Online,88,364.19,0.06,30125.8
East,Clothing,Online,44,311.77,0.47,7270.48
North,Furniture,Retail,461,448.56,0.39,126139.56
North,Furniture,Retail,278,424.36,0.23,90838.5
West,Food,Retail,171,161.0,0.43,15692.67
South,Electronics,Retail,421,141.74,0.12,52511.84
East,Food,Retail,189,490.92,0.36,59381.68
West,Electronics,Online,353,266.0,0.43,53521.86
North,Furniture,Retail,184,453.68,0.18,68451.24
North,Furniture,Retail,3,86.12,0.38,160.18
West,Furniture,Retail,191,323.2,0.15,52471.52
East,Food,Retail,118,405.88,0.15,40709.76
South,Clothing,Retail,19,473.96,0.05,8554.98
South,Clothing,Online,23,171.98,0.22,3085.32
North,Furniture,Online,413,363.87,0.36,96178.12
East,Clothing,Online,30,271.71,0.47,4320.19
South,Clothing,Retail,295,35.01,0.3,7229.56
East,Food,Online,108,346.55,0.43,21333.62
East,Electronics,Online,367,346.6,0.41,75049.3
North,Furniture,Retail,281,465.65,0.09,119071.36
South,Furniture,Retail,128,251.17,0.24,24433.82
West,Food,Retail,229,118.97,0.06,25609.48
North,Food,Online,111,27.06,0.34,1982.42
South,Clothing,Online,136,210.74,0.47,15190.14
South,Furniture,Retail,362,154.45,0.07,51997.14
South,Electronics,Retail,186,381.74,0.37,44732.29
South,Food,Online,144,180.36,0.32,17660.85
South,Electronics,Online,72,474.79,0.29,24271.26
East,Electronics,Retail,129,481.34,0.2,49674.29
North,Furniture,Retail,364,312.35,0.18,93230.23
East,Furniture,Online,261,464.69,0.02,118858.41
West,Food,Retail,3,381.62,0.11,1018.93
South,Furniture,Online,449,275.7,0.01,122551.41
North,Furniture,Online,388,94.25,0.29,25963.99
South,Furniture,Online,104,232.01,0.05,22922.59
North,Electronics,Online,483,282.63,0.44,76445.76
East,Food,Retail,224,432.66,0.26,71717.72
North,Clothing,Retail,320,243.26,0.35,50598.08
West,Electronics,Online,362,449.35,0.21,128505.11
West,Furniture,Online,354,338.8,0.28,86353.34
North,Electronics,Online,491,72.81,0.47,18947.35
North,Furniture,Online,473,497.52,0.04,225913.88
North,Furniture,Online,10,265.98,0.13,2314.03
North,Electronics,Retail,405,198.97,0.39,49155.54
West,Food,Retail,384,331.26,0.05,120843.65
South,Furniture,Retail,302,58.9,0.04,17076.29
North,Food,Retail,231,320.09,0.18,60631.45
North,Clothing,Online,219,251.63,0.05,52351.62
West,Furniture,Online,411,206.3,0.29,60200.4
West,Food,Online,66,476.74,0.11,28003.71
East,Food,Online,425,263.66,0.45,61630.53
North,Clothing,Online,112,113.46,0.39,7751.59
East,Food,Retail,13,232.19,0.35,1962.01
West,Food,Online,393,460.1,0.31,124765.32
West,Clothing,Retail,420,92.17,0.43,22065.5
South,Furniture,Retail,86,110.91,0.11,8489.05
North,Food,Retail,234,11.45,0.44,1500.41
East,Food,Retail,90,12.02,0.39,659.9
West,Food,Online,314,415.55,0.37,82204.1
West,Electronics,Retail,54,367.4,0.28,14284.51
East,Clothing,Retail,12,180.75,0.12,1908.72
South,Electronics,Retail,209,350.66,0.21,57897.47
West,Clothing,Online,462,200.63,0.4,55614.64
North,Furniture,Online,14,476.68,0.02,6540.05
West,Furniture,Online,121,483.69,0.39,35701.16
North,Food,Retail,418,199.43,0.12,73358.33
East,Clothing,Retail,437,427.84,0.07,173878.45
North,Furniture,Online,377,387.68,0.06,137386.04
East,Clothing,Retail,20,158.45,0.01,3137.31
North,Furniture,Online,75,119.86,0.26,6652.23
East,Electronics,Online,400,231.83,0.11,82531.48
North,Furniture,Retail,243,391.77,0.49,48552.06
South,Electronics,Retail,223,480.28,0.29,76042.73
North,Furniture,Retail,70,382.97,0.07,24931.35
North,Food,Retail,312,428.33,0.34,88201.71
South,Electronics,Online,211,303.52,0.45,35223.5
West,Furniture,Online,101,418.53,0.37,26631.06
West,Food,Online,186,393.29,0.04,70225.86
North,Electronics,Online,132,191.61,0.45,13910.89
South,Food,Online,111,278.24,0.4,18530.78
North,Clothing,Retail,381,403.35,0.08,141382.24
East,Clothing,Online,132,27.8,0.03,3559.51
East,Electronics,Online,20,405.0,0.28,5832.0
North,Furniture,Online,394,93.05,0.08,33728.76
West,Electronics,Retail,24,259.77,0.42,3616.0
West,Food,Retail,227,405.1,0.18,75405.31
North,Furniture,Retail,154,130.64,0.46,10864.02
North,Clothing,Retail,293,126.67,0.28,26722.3
East,Furniture,Online,230,204.37,0.09,42774.64
West,Clothing,Online,469,447.85,0.07,195338.73
North,Furniture,Retail,310,5.22,0.29,1148.92
East,Furniture,Retail,488,451.18,0.38,136509.02
West,Furniture,Online,359,81.13,0.39,17766.66
South,Food,Online,405,495.09,0.14,172439.85
East,Food,Retail,202,477.65,0.1,86836.77
West,Electronics,Retail,38,249.86,0.01,9399.73
West,Electronics,Retail,430,258.8,0.34,73447.44
East,Clothing,Retail,260,243.37,0.04,60745.15
South,Food,Online,188,319.54,0.21,47458.08
East,Clothing,Online,57,49.91,0.3,1991.41
West,Electronics,Online,429,21.15,0.47,4808.88
North,Clothing,Retail,20,33.56,0.16,563.81
North,Electronics,Retail,273,224.96,0.12,54044.39
East,Food,Online,119,141.4,0.33,11273.82
West,Furniture,Online,71,312.91,0.31,15329.46
North,Food,Online,4,496.26,0.17,1647.58
West,Clothing,Online,221,196.23,0.46,23418.09
East,Clothing,Retail,14,289.05,0.42,2347.09
North,Food,Online,3,210.72,0.11,562.62
West,Food,Online,216,424.4,0.12,80669.95
North,Electronics,Online,229,451.61,0.26,76529.83
East,Clothing,Online,336,439.29,0.39,90036.88
West,Clothing,Online,186,487.31,0.02,88826.87
North,Food,Online,55,18.62,0.35,665.67
East,Furniture,Online,388,420.71,0.32,111000.13
North,Clothing,Retail,376,377.13,0.12,124784.77
North,Furniture,Retail,254,118.2,0.34,19815.05
South,Food,Retail,24,478.38,0.47,6084.99
South,Food,Retail,162,78.35,0.02,12438.85
East,Electronics,Online,158,341.38,0.16,45307.95
South,Clothing,Retail,82,116.32,0.22,7439.83
East,Furniture,Retail,403,218.53,0.45,48437.17
South,Electronics,Online,159,360.98,0.48,29845.83
North,Clothing,Online,188,283.85,0.22,41623.76
East,Electronics,Retail,60,216.61,0.38,8057.89
East,Food,Retail,403,166.54,0.27,48994.4
North,Clothing,Online,305,420.63,0.27,93653.27
East,Electronics,Retail,319,76.19,0.14,20901.96
East,Electronics,Online,366,217.9,0.11,70978.75
South,Furniture,Online,211,452.36,0.14,82085.25
East,Electronics,Online,406,423.7,0.28,123855.98
West,Clothing,Online,152,203.47,0.01,30618.17
North,Clothing,Retail,109,382.74,0.45,22945.26
South,Furniture,Online,76,412.46,0.08,28839.2
South,Clothing,Online,30,445.0,0.11,11881.5
West,Food,Retail,314,274.53,0.26,63789.79
North,Clothing,Online,486,106.21,0.36,33035.56
North,Clothing,Retail,117,131.38,0.05,14602.89
South,Electronics,Retail,415,151.37,0.16,52767.58
East,Electronics,Retail,356,298.93,0.48,55337.92
South,Clothing,Online,192,21.24,0.13,3547.93
North,Furniture,Retail,19,319.84,0.16,5104.65
West,Electronics,Retail,432,185.36,0.42,46443.8
South,Furniture,Online,173,151.14,0.03,25362.8
North,Clothing,Retail,228,440.35,0.23,77307.85
South,Clothing,Retail,350,232.7,0.19,65970.45
East,Food,Retail,183,52.05,0.16,8001.13
South,Electronics,Retail,113,414.24,0.14,40255.84
South,Clothing,Retail,183,28.58,0.05,4968.63
North,Food,Online,481,364.74,0.16,147369.55
North,Electronics,Retail,146,388.08,0.02,55526.49
North,Clothing,Retail,319,179.54,0.39,34936.69
South,Clothing,Online,116,413.27,0.2,38351.46
East,Electronics,Online,113,260.25,0.22,22938.44
West,Electronics,Online,251,234.33,0.45,32349.26
West,Electronics,Retail,476,27.47,0.33,8760.73
North,Clothing,Online,251,148.56,0.0,37288.56
North,Clothing,Retail,303,465.85,0.47,74810.85
South,Food,Retail,459,198.95,0.12,80359.88
West,Furniture,Online,313,275.62,0.05,81955.61
North,Electronics,Online,118,268.35,0.38,19632.49
East,Clothing,Retail,301,297.26,0.25,67106.44
East,Clothing,Online,161,35.36,0.22,4440.51
North,Electronics,Retail,401,184.28,0.12,65028.73
North,Furniture,Online,198,362.95,0.27,52460.79
West,Electronics,Online,260,104.28,0.14,23317.01
West,Furniture,Online,148,105.77,0.45,8609.68
South,Clothing,Retail,240,9.99,0.11,2133.86
West,Furniture,Online,47,221.55,0.44,5831.2
East,Food,Retail,475,441.95,0.28,151146.9
East,Clothing,Retail,399,30.69,0.41,7224.73
North,Food,Retail,198,99.6,0.36,12621.31
West,Electronics,Retail,47,158.49,0.35,4841.87
South,Electronics,Online,78,367.2,0.16,24058.94
East,Electronics,Retail,124,322.11,0.12,35148.64
East,Furniture,Retail,75,210.89,0.11,14076.91
South,Clothing,Online,359,380.74,0.43,77910.83
South,Electronics,Retail,137,306.77,0.41,24796.22
East,Electronics,Online,90,448.54,0.22,31487.51
East,Clothing,Retail,400,409.92,0.07,152490.24
South,Electronics,Online,325,130.14,0.19,34259.35
East,Food,Retail,61,139.36,0.31,5865.66
North,Clothing,Online,138,67.05,0.23,7124.73
North,Clothing,Retail,50,171.8,0.39,5239.9
South,Clothing,Retail,259,499.77,0.5,64720.22
West,Food,Online,461,205.85,0.1,85407.16
South,Clothing,Online,107,114.14,0.23,9403.99
South,Food,Online,113,382.43,0.22,33707.38
West,Clothing,Online,350,273.52,0.15,81372.2
West,Furniture,Retail,254,79.05,0.1,18070.83
West,Electronics,Retail,118,193.44,0.03,22141.14
North,Furniture,Online,493,210.16,0.44,58020.97
East,Electronics,Retail,198,378.15,0.21,59150.22
North,Food,Online,337,15.23,0.25,3849.38
East,Furniture,Online,365,138.16,0.46,27231.34
North,Clothing,Retail,51,261.21,0.39,8126.24
East,Electronics,Retail,245,138.08,0.07,31461.53
North,Electronics,Retail,403,316.07,0.28,91710.87
West,Furniture,Retail,426,243.52,0.22,80916.83
South,Food,Retail,35,184.05,0.4,3865.05
North,Furniture,Retail,302,474.86,0.36,91780.94
East,Food,Retail,410,317.92,0.35,84725.68
West,Food,Online,499,69.32,0.17,28710.26
North,Electronics,Online,69,282.25,0.4,11685.15
North,Furniture,Online,349,391.46,0.03,132520.95
West,Furniture,Online,320,355.7,0.08,104718.08
North,Food,Online,421,90.18,0.17,31511.6
South,Furniture,Retail,468,486.35,0.04,218507.33
North,Clothing,Online,49,227.16,0.12,9795.14
South,Clothing,Online,405,83.72,0.42,19665.83
South,Furniture,Online,74,94.2,0.47,3694.52
West,Furniture,Online,192,53.63,0.15,8752.42
North,Food,Online,261,402.74,0.13,91450.17
West,Clothing,Online,356,65.41,0.14,20025.93
North,Clothing,Online,70,66.94,0.14,4029.79
North,Electronics,Retail,90,425.98,0.02,37571.44
East,Food,Retail,260,175.58,0.46,24651.43
North,Electronics,Online,126,20.27,0.11,2273.08
West,Clothing,Retail,231,30.69,0.21,5600.62
South,Food,Retail,295,75.37,0.0,22234.15
North,Furniture,Retail,498,110.63,0.43,31403.43
East,Food,Retail,419,334.25,0.37,88231.97
West,Furniture,Online,129,82.88,0.47,5666.51
North,Furniture,Retail,280,63.84,0.39,10903.87
West,Food,Retail,313,383.54,0.16,100840.34
East,Furniture,Retail,100,337.17,0.12,29670.96
East,Electronics,Online,326,220.49,0.35,46721.83
West,Clothing,Online,297,276.91,0.18,67438.66
North,Furniture,Online,182,159.43,0.28,20891.71
South,Electronics,Online,174,243.84,0.0,42428.16
East,Furniture,Online,316,255.8,0.03,78407.82
North,Clothing,Online,364,196.68,0.27,52261.81
North,Electronics,Online,188,453.75,0.28,61419.6
South,Clothing,Retail,57,12.95,0.38,457.65
East,Clothing,Retail,31,392.17,0.07,11306.26
East,Electronics,Retail,84,66.57,0.26,4137.99
North,Electronics,Online,152,399.79,0.1,54691.27
North,Electronics,Online,473,309.88,0.05,139244.58
South,Food,Online,36,422.42,0.21,12013.62
South,Electronics,Online,213,53.27,0.08,10438.79
East,Electronics,Online,414,281.7,0.11,103795.18
West,Electronics,Retail,408,253.04,0.16,86721.87
East,Electronics,Retail,364,354.57,0.13,112285.23
North,Furniture,Online,106,269.47,0.04,27421.27
East,Food,Online,414,272.66,0.04,108365.99
West,Clothing,Online,342,217.65,0.1,66992.67
South,Electronics,Online,220,157.87,0.03,33689.46
West,Furniture,Retail,391,243.72,0.31,65753.22
West,Furniture,Online,163,63.65,0.14,8922.46
West,Furniture,Online,439,480.95,0.14,181577.86
South,Clothing,Online,220,358.63,0.17,65485.84
West,Electronics,Online,270,476.47,0.33,86193.42
West,Food,Retail,120,117.23,0.44,7877.86
West,Food,Online,394,440.27,0.38,107549.16
North,Furniture,Online,336,405.35,0.36,87166.46
West,Clothing,Retail,400,340.19,0.24,103417.76
South,Clothing,Retail,182,314.39,0.35,37192.34
West,Clothing,Retail,479,161.69,0.28,55763.65
West,Food,Online,106,409.12,0.11,38596.38
South,Furniture,Online,217,253.25,0.1,49459.72
West,Electronics,Retail,205,40.09,0.15,6985.68
South,Food,Retail,70,159.87,0.46,6043.09
West,Furniture,Retail,44,467.97,0.27,15031.2
South,Furniture,Retail,329,426.09,0.37,88315.67
West,Electronics,Retail,301,491.04,0.17,122676.52
West,Electronics,Retail,228,315.86,0.2,57612.86
North,Electronics,Online,184,127.52,0.06,22055.86
North,Clothing,Online,107,85.59,0.09,8333.9
West,Electronics,Online,84,97.52,0.41,4833.09
West,Furniture,Retail,338,14.8,0.29,3551.7
East,Electronics,Retail,250,198.39,0.17,41165.92
